Time,Logger Temperature,External Voltage,RPM dup 1,RR,RL,FL1,FR,SPRR,Channel02,SPFL,SPFR,InlineAcc,LateralAcc,VerticalAcc,RollRate,PitchRate,YawRate,StartLoggingFromWhl,EventMode,ChassisChanges,ECULapTime,PreRadColdSide,AeroChanges,LapTrigger,PreRadHotSide,PostRadHotSide,PostRadColdSide,SW Button1,SW DialLeft,SW Button3,SW Button2,SW Button4,SW DialRight,SW Button5,SW Button6,SW JoystickCENTR,SW JoystickDOWN,SW JoystickLEFT,SW JoystickRIGHT,SW JoystickUP,Ambient Temp,EGT1,Dyno Torque,RPM Setpoint,EGT2,SPDU Fault eFuse,SPDU Fault eF 01,SPDU Fault eF 02,SPDU Fault AH1,SPDU Fault eF 03,SPDU Fault eF 04,SPDU Fault eF 05,SPDU Fault AH2,Is Real RPM,TPS2,RPM dup 2,Plenum MAP,Steady State Op,VE Adapt Enable,Check Eng Light,EStop,TPS1,Voltage,Gear,Fuel Pump Req 01,APPS1,APPS2,Cyl1 Phi,Throttle Req,IMEP,HW MAF,Cyl2 Phi,APC,Load,Cyl1 FPC,Cyl1 Spark Adv,Cyl2 FPC,Cyl2 Spark Adv,Wheel Slip Error,Cyl2 Pulse Width,Shift Up Paddle,Cyl1 Pulse Width,Shifts Remaining,Crank Req,Air Tank Pressure,Shift Down Paddle,APPS Arb,TPS Arb,Rad Fan,ShiftingSolenoidExt,Ind Torque,Virtual MAF,Target Phi,DownShiftOverspeedW,PCMFault1,PCMFault2,PCMFault3,PCMFault4,PCMFault5,PCMFault6,Rev Limiter,Spark Energy Pct,Oil Pressure,Fuel Pressure,Coolant Temp,Oil Temp,Plenum Air Temp,CAN Throttle Req,R Brake Pressure,F Brake Pressure,Gear Voltage,Wheel Slip,TC Active,TC Retard,TC P Term,TC I Term,TC D Term,Shift Down Sol,Shift Up Sol,Clutch Engage Sol,Clutch Disengage So,Clutch Slowdrop Sol,YRS YawRate,YRS Acc Y axis,YRS Acc X axis,YRS Roll Rate,YRS Acc Z axis,SteeringAngle dup 1,SteeringAngle Speed,BrakeSensorTemp,SteeringAngle dup 2,Ok Status,SASRate,0TC01,ExhaustCollector,MonoAboveMetal,MonoBelowMetal,ValveCoverTemp,RearFuelTank,BelowIntake,Ambient,Math_APC,Ideal_SpeedDensity
0,35.9375,13.799994,0,0,0,0,0,0.258782,-30.156298,-0.243535,-0.289065,0.053462,-0.004577,-1.004883,0.044861,-0.064028,0.010069,0,0,0,0,0,0,0,0,0,0,-0.000015,-0.000015,-0.000015,-0.000015,-0.000015,-0.000015,-0.000015,-0.000015,-0.000015,-0.000015,-0.000015,-0.000015,-0.000015,-0.000015,-0.000015,-0.000015,-0.000015,-0.000015,-0.000015,-0.000015,-0.000015,-0.000015,-0.000015,-0.000015,-0.000015,-0.000015,1,4.599939,0,99.299599,0,0,0,0,5.899907,13.699999,2,0,0,0,0.289987,0,319.999695,1.59997,0.719999,103.296265,19.398947,0,0,0,0,30,0,0,0,1,0,15,0,0,5.899907,50,0,35.799519,0,1.21,0,0,1,0,0,0,0,10000,0,99.999634,114.996643,55.399921,24.800001,29.6,0,30,30,2,0,1,0,0,0,0,0,0,0,0,0,0.03999,0.000248,0.006628,0.029991,1.004924,-0.000015,-0.000015,-17.777786,-72.5,1,0,-17.777786,-17.777786,-17.777786,-17.777786,-17.777786,-17.777786,-17.777786,-17.777786,0,0
0.001,35.9375,13.799994,0,0,0,0,0,0.258782,-30.156298,-0.243535,-0.289065,0.053459,-0.004577,-1.004883,0.04465,-0.064013,0.009905,0,0,0,0,0,0,0,0,0,0,-0.000015,-0.000015,-0.000015,-0.000015,-0.000015,-0.000015,-0.000015,-0.000015,-0.000015,-0.000015,-0.000015,-0.000015,-0.000015,-0.000015,-0.000015,-0.000015,-0.000015,-0.000015,-0.000015,-0.000015,-0.000015,-0.000015,-0.000015,-0.000015,-0.000015,-0.000015,1,4.599939,0,99.299599,0,0,0,0,5.899907,13.699999,2,0,0,0,0.289987,0,319.999695,1.59997,0.719999,103.296265,19.398947,0,0,0,0,30,0,0,0,1,0,15,0,0,5.899907,50,0,35.799519,0,1.21,0,0,1,0,0,0,0,10000,0,99.999634,114.996643,55.399921,24.800001,29.6,0,30,30,2,0,1,0,0,0,0,0,0,0,0,0,0.03999,0.000248,0.006628,0.029991,1.004924,-0.000015,-0.000015,-17.777786,-72.5,1,0,-17.777786,-17.777786,-17.777786,-17.777786,-17.777786,-17.777786,-17.777786,-17.777786,0,0
0.002,35.9375,13.799994,0,0,0,0,0,0.258782,-30.156298,-0.243535,-0.289065,0.053456,-0.004577,-1.004883,0.04444,-0.063997,0.00974,0,0,0,0,0,0,0,0,0,0,-0.000015,-0.000015,-0.000015,-0.000015,-0.000015,-0.000015,-0.000015,-0.000015,-0.000015,-0.000015,-0.000015,-0.000015,-0.000015,-0.000015,-0.000015,-0.000015,-0.000015,-0.000015,-0.000015,-0.000015,-0.000015,-0.000015,-0.000015,-0.000015,-0.000015,-0.000015,1,4.599939,0,99.299599,0,0,0,0,5.899907,13.699999,2,0,0,0,0.289987,0,319.999695,1.59997,0.719999,103.296265,19.398947,0,0,0,0,30,0,0,0,1,0,15,0,0,5.899907,50,0,35.799519,0,1.21,0,0,1,0,0,0,0,10000,0,99.999634,114.996643,55.399921,24.800001,29.6,0,30,30,2,0,1,0,0,0,0,0,0,0,0,0,0.03999,0.000248,0.006628,0.029991,1.004924,-0.000015,-0.000015,-17.777786,-72.5,1,0,-17.777786,-17.777786,-17.777786,-17.777786,-17.777786,-17.777786,-17.777786,-17.777786,0,0
0.003,35.9375,13.799994,0,0,0,0,0,0.258782,-30.156298,-0.243535,-0.289065,0.053453,-0.004577,-1.004883,0.044229,-0.063982,0.009576,0,0,0,0,0,0,0,0,0,0,-0.000015,-0.000015,-0.000015,-0.000015,-0.000015,-0.000015,-0.000015,-0.000015,-0.000015,-0.000015,-0.000015,-0.000015,-0.000015,-0.000015,-0.000015,-0.000015,-0.000015,-0.000015,-0.000015,-0.000015,-0.000015,-0.000015,-0.000015,-0.000015,-0.000015,-0.000015,1,4.599939,0,99.299599,0,0,0,0,5.899907,13.699999,2,0,0,0,0.289987,0,319.999695,1.59997,0.719999,103.296265,19.398947,0,0,0,0,30,0,0,0,1,0,15,0,0,5.899907,50,0,35.799519,0,1.21,0,0,1,0,0,0,0,10000,0,99.999634,114.996643,55.399921,24.800001,29.6,0,30,30,2,0,1,0,0,0,0,0,0,0,0,0,0.03999,0.000248,0.006628,0.029991,1.004924,-0.000015,-0.000015,-17.777786,-72.5,1,0,-17.777786,-17.777786,-17.777786,-17.777786,-17.777786,-17.777786,-17.777786,-17.777786,0,0
0.004,35.9375,13.799994,0,0,0,0,0,0.258782,-30.156298,-0.243535,-0.289065,0.05345,-0.004577,-1.004883,0.044018,-0.063967,0.009411,0,0,0,0,0,0,0,0,0,0,-0.000015,-0.000015,-0.000015,-0.000015,-0.000015,-0.000015,-0.000015,-0.000015,-0.000015,-0.000015,-0.000015,-0.000015,-0.000015,-0.000015,-0.000015,-0.000015,-0.000015,-0.000015,-0.000015,-0.000015,-0.000015,-0.000015,-0.000015,-0.000015,-0.000015,-0.000015,1,4.599939,0,99.299599,0,0,0,0,5.899907,13.699999,2,0,0,0,0.289987,0,319.999695,1.59997,0.719999,103.296265,19.398947,0,0,0,0,30,0,0,0,1,0,15,0,0,5.899907,50,0,35.799519,0,1.21,0,0,1,0,0,0,0,10000,0,99.999634,114.996643,55.399921,24.800001,29.6,0,30,30,2,0,1,0,0,0,0,0,0,0,0,0,0.03999,0.000248,0.006628,0.029991,1.004924,-0.000015,-0.000015,-17.777786,-72.5,1,0,-17.777786,-17.777786,-17.777786,-17.777786,-17.777786,-17.777786,-17.777786,-17.777786,0,0
0.005,35.9375,13.799994,0,0,0,0,0,0.258782,-30.156298,-0.243535,-0.289065,0.053446,-0.004577,-1.004883,0.043808,-0.063951,0.009247,0,0,0,0,0,0,0,0,0,0,-0.000015,-0.000015,-0.000015,-0.000015,-0.000015,-0.000015,-0.000015,-0.000015,-0.000015,-0.000015,-0.000015,-0.000015,-0.000015,-0.000015,-0.000015,-0.000015,-0.000015,-0.000015,-0.000015,-0.000015,-0.000015,-0.000015,-0.000015,-0.000015,-0.000015,-0.000015,1,4.599939,0,99.299599,0,0,0,0,5.899907,13.699999,2,0,0,0,0.289987,0,319.999695,1.59997,0.719999,103.296265,19.398947,0,0,0,0,30,0,0,0,1,0,15,0,0,5.899907,50,0,35.799519,0,1.21,0,0,1,0,0,0,0,10000,0,99.999634,114.996643,55.399921,24.800001,29.6,0,30,30,2,0,1,0,0,0,0,0,0,0,0,0,0.03999,0.000248,0.006628,0.029991,1.004924,-0.000015,-0.000015,-17.777786,-72.5,1,0,-17.777786,-17.777786,-17.777786,-17.777786,-17.777786,-17.777786,-17.777786,-17.777786,0,0
0.006,35.9375,13.799994,0,0,0,0,0,0.258782,-30.156298,-0.243535,-0.289065,0.053443,-0.004577,-1.004883,0.043597,-0.063936,0.009082,0,0,0,0,0,0,0,0,0,0,-0.000015,-0.000015,-0.000015,-0.000015,-0.000015,-0.000015,-0.000015,-0.000015,-0.000015,-0.000015,-0.000015,-0.000015,-0.000015,-0.000015,-0.000015,-0.000015,-0.000015,-0.000015,-0.000015,-0.000015,-0.000015,-0.000015,-0.000015,-0.000015,-0.000015,-0.000015,1,4.599939,0,99.299599,0,0,0,0,5.899907,13.699999,2,0,0,0,0.289987,0,319.999695,1.59997,0.719999,103.296265,19.398947,0,0,0,0,30,0,0,0,1,0,15,0,0,5.899907,50,0,35.799519,0,1.21,0,0,1,0,0,0,0,10000,0,99.999634,114.996643,55.399921,24.800001,29.6,0,30,30,2,0,1,0,0,0,0,0,0,0,0,0,0.03999,0.000248,0.006628,0.029991,1.004924,-0.000015,-0.000015,-17.777786,-72.5,1,0,-17.777786,-17.777786,-17.777786,-17.777786,-17.777786,-17.777786,-17.777786,-17.777786,0,0
0.007,35.9375,13.799994,0,0,0,0,0,0.258782,-30.156298,-0.243535,-0.289065,0.05344,-0.004577,-1.004883,0.043387,-0.063921,0.008917,0,0,0,0,0,0,0,0,0,0,-0.000015,-0.000015,-0.000015,-0.000015,-0.000015,-0.000015,-0.000015,-0.000015,-0.000015,-0.000015,-0.000015,-0.000015,-0.000015,-0.000015,-0.000015,-0.000015,-0.000015,-0.000015,-0.000015,-0.000015,-0.000015,-0.000015,-0.000015,-0.000015,-0.000015,-0.000015,1,4.599939,0,99.299599,0,0,0,0,5.899907,13.699999,2,0,0,0,0.289987,0,319.999695,1.59997,0.719999,103.296265,19.398947,0,0,0,0,30,0,0,0,1,0,15,0,0,5.899907,50,0,35.799519,0,1.21,0,0,1,0,0,0,0,10000,0,99.999634,114.996643,55.399921,24.800001,29.6,0,30,30,2,0,1,0,0,0,0,0,0,0,0,0,0.03999,0.000248,0.006628,0.029991,1.004924,-0.000015,-0.000015,-17.777786,-72.5,1,0,-17.777786,-17.777786,-17.777786,-17.777786,-17.777786,-17.777786,-17.777786,-17.777786,0,0
0.008,35.9375,13.799994,0,0,0,0,0,0.258782,-30.156298,-0.243535,-0.289065,0.053437,-0.004577,-1.004883,0.043176,-0.063905,0.008753,0,0,0,0,0,0,0,0,0,0,-0.000015,-0.000015,-0.000015,-0.000015,-0.000015,-0.000015,-0.000015,-0.000015,-0.000015,-0.000015,-0.000015,-0.000015,-0.000015,-0.000015,-0.000015,-0.000015,-0.000015,-0.000015,-0.000015,-0.000015,-0.000015,-0.000015,-0.000015,-0.000015,-0.000015,-0.000015,1,4.599939,0,99.299599,0,0,0,0,5.899907,13.699999,2,0,0,0,0.289987,0,319.999695,1.59997,0.719999,103.296265,19.398947,0,0,0,0,30,0,0,0,1,0,15,0,0,5.899907,50,0,35.799519,0,1.21,0,0,1,0,0,0,0,10000,0,99.999634,114.996643,55.399921,24.800001,29.6,0,30,30,2,0,1,0,0,0,0,0,0,0,0,0,0.03999,0.000248,0.006628,0.029991,1.004924,-0.000015,-0.000015,-17.777786,-72.5,1,0,-17.777786,-17.777786,-17.777786,-17.777786,-17.777786,-17.777786,-17.777786,-17.777786,0,0
0.009,35.9375,13.799994,0,0,0,0,0,0.258782,-30.156298,-0.243535,-0.289065,0.053434,-0.004577,-1.004883,0.042966,-0.06389,0.008588,0,0,0,0,0,0,0,0,0,0,-0.000015,-0.000015,-0.000015,-0.000015,-0.000015,-0.000015,-0.000015,-0.000015,-0.000015,-0.000015,-0.000015,-0.000015,-0.000015,-0.000015,-0.000015,-0.000015,-0.000015,-0.000015,-0.000015,-0.000015,-0.000015,-0.000015,-0.000015,-0.000015,-0.000015,-0.000015,1,4.599939,0,99.299599,0,0,0,0,5.899907,13.699999,2,0,0,0,0.289987,0,319.999695,1.59997,0.719999,103.296265,19.398947,0,0,0,0,30,0,0,0,1,0,15,0,0,5.899907,50,0,35.799519,0,1.21,0,0,1,0,0,0,0,10000,0,99.999634,114.996643,55.399921,24.800001,29.6,0,30,30,2,0,1,0,0,0,0,0,0,0,0,0,0.03999,0.000248,0.006628,0.029991,1.004924,-0.000015,-0.000015,-17.777786,-72.5,1,0,-17.777786,-17.777786,-17.777786,-17.777786,-17.777786,-17.777786,-17.777786,-17.777786,0,0
0.01,35.9375,13.799994,0,0,0,0,0,0.258782,-30.156298,-0.243535,-0.289065,0.053431,-0.004577,-1.004883,0.042755,-0.063875,0.008424,0,0,0,0,0,0,0,0,0,0,-0.000015,-0.000015,-0.000015,-0.000015,-0.000015,-0.000015,-0.000015,-0.000015,-0.000015,-0.000015,-0.000015,-0.000015,-0.000015,-0.000015,-0.000015,-0.000015,-0.000015,-0.000015,-0.000015,-0.000015,-0.000015,-0.000015,-0.000015,-0.000015,-0.000015,-0.000015,1,4.599939,0,99.299599,0,0,0,0,5.899907,13.699999,2,0,0,0,0.289987,0,319.999695,1.59997,0.719999,103.296265,19.398947,0,0,0,0,30,0,0,0,1,0,15,0,0,5.899907,50,0,35.799519,0,1.21,0,0,1,0,0,0,0,10000,0,99.999634,114.996643,55.399921,24.800001,29.6,0,30,30,2,0,1,0,0,0,0,0,0,0,0,0,0.03999,0.000248,0.006628,0.029991,1.004924,-0.000015,-0.000015,-17.777786,-72.5,1,0,-17.777786,-17.777786,-17.777786,-17.777786,-17.777786,-17.777786,-17.777786,-17.777786,0,0
0.011,35.9375,13.799994,0,0,0,0,0,0.258782,-30.156298,-0.243535,-0.289065,0.053427,-0.004577,-1.004883,0.042544,-0.063859,0.008259,0,0,0,0,0,0,0,0,0,0,-0.000015,-0.000015,-0.000015,-0.000015,-0.000015,-0.000015,-0.000015,-0.000015,-0.000015,-0.000015,-0.000015,-0.000015,-0.000015,-0.000015,-0.000015,-0.000015,-0.000015,-0.000015,-0.000015,-0.000015,-0.000015,-0.000015,-0.000015,-0.000015,-0.000015,-0.000015,1,4.599939,0,99.299599,0,0,0,0,5.899907,13.699999,2,0,0,0,0.289987,0,319.999695,1.59997,0.719999,103.296265,19.398947,0,0,0,0,30,0,0,0,1,0,15,0,0,5.899907,50,0,35.799519,0,1.21,0,0,1,0,0,0,0,10000,0,99.999634,114.996643,55.399921,24.800001,29.6,0,30,30,2,0,1,0,0,0,0,0,0,0,0,0,0.03999,0.000248,0.006628,0.029991,1.004924,-0.000015,-0.000015,-17.777786,-72.5,1,0,-17.777786,-17.777786,-17.777786,-17.777786,-17.777786,-17.777786,-17.777786,-17.777786,0,0
0.012,35.9375,13.799994,0,0,0,0,0,0.258782,-30.156298,-0.243535,-0.289065,0.053424,-0.004577,-1.004883,0.042334,-0.063844,0.008094,0,0,0,0,0,0,0,0,0,0,-0.000015,-0.000015,-0.000015,-0.000015,-0.000015,-0.000015,-0.000015,-0.000015,-0.000015,-0.000015,-0.000015,-0.000015,-0.000015,-0.000015,-0.000015,-0.000015,-0.000015,-0.000015,-0.000015,-0.000015,-0.000015,-0.000015,-0.000015,-0.000015,-0.000015,-0.000015,1,4.599939,0,99.299599,0,0,0,0,5.899907,13.699999,2,0,0,0,0.289987,0,319.999695,1.59997,0.719999,103.296265,19.398947,0,0,0,0,30,0,0,0,1,0,15,0,0,5.899907,50,0,35.799519,0,1.21,0,0,1,0,0,0,0,10000,0,99.999634,114.996643,55.399921,24.800001,29.6,0,30,30,2,0,1,0,0,0,0,0,0,0,0,0,0.03999,0.000248,0.006628,0.029991,1.004924,-0.000015,-0.000015,-17.777786,-72.5,1,0,-17.777786,-17.777786,-17.777786,-17.777786,-17.777786,-17.777786,-17.777786,-17.777786,0,0
0.013,35.9375,13.799994,0,0,0,0,0,0.258782,-30.156298,-0.243535,-0.289065,0.053421,-0.004577,-1.004883,0.042123,-0.063829,0.00793,0,0,0,0,0,0,0,0,0,0,-0.000015,-0.000015,-0.000015,-0.000015,-0.000015,-0.000015,-0.000015,-0.000015,-0.000015,-0.000015,-0.000015,-0.000015,-0.000015,-0.000015,-0.000015,-0.000015,-0.000015,-0.000015,-0.000015,-0.000015,-0.000015,-0.000015,-0.000015,-0.000015,-0.000015,-0.000015,1,4.599939,0,99.299599,0,0,0,0,5.899907,13.699999,2,0,0,0,0.289987,0,319.999695,1.59997,0.719999,103.296265,19.398947,0,0,0,0,30,0,0,0,1,0,15,0,0,5.899907,50,0,35.799519,0,1.21,0,0,1,0,0,0,0,10000,0,99.999634,114.996643,55.399921,24.800001,29.6,0,30,30,2,0,1,0,0,0,0,0,0,0,0,0,0.03999,0.000248,0.006628,0.029991,1.004924,-0.000015,-0.000015,-17.777786,-72.5,1,0,-17.777786,-17.777786,-17.777786,-17.777786,-17.777786,-17.777786,-17.777786,-17.777786,0,0
0.014,35.9375,13.799994,0,0,0,0,0,0.258782,-30.156298,-0.243535,-0.289065,0.053418,-0.004577,-1.004883,0.041913,-0.063814,0.007765,0,0,0,0,0,0,0,0,0,0,-0.000015,-0.000015,-0.000015,-0.000015,-0.000015,-0.000015,-0.000015,-0.000015,-0.000015,-0.000015,-0.000015,-0.000015,-0.000015,-0.000015,-0.000015,-0.000015,-0.000015,-0.000015,-0.000015,-0.000015,-0.000015,-0.000015,-0.000015,-0.000015,-0.000015,-0.000015,1,4.599939,0,99.299599,0,0,0,0,5.899907,13.699999,2,0,0,0,0.289987,0,319.999695,1.59997,0.719999,103.296265,19.398947,0,0,0,0,30,0,0,0,1,0,15,0,0,5.899907,50,0,35.799519,0,1.21,0,0,1,0,0,0,0,10000,0,99.999634,114.996643,55.399921,24.800001,29.6,0,30,30,2,0,1,0,0,0,0,0,0,0,0,0,0.03999,0.000248,0.006628,0.029991,1.004924,-0.000015,-0.000015,-17.777786,-72.5,1,0,-17.777786,-17.777786,-17.777786,-17.777786,-17.777786,-17.777786,-17.777786,-17.777786,0,0
0.015,35.9375,13.799994,0,0,0,0,0,0.258782,-30.156298,-0.243535,-0.289065,0.053415,-0.004577,-1.004883,0.041702,-0.063798,0.007601,0,0,0,0,0,0,0,0,0,0,-0.000015,-0.000015,-0.000015,-0.000015,-0.000015,-0.000015,-0.000015,-0.000015,-0.000015,-0.000015,-0.000015,-0.000015,-0.000015,-0.000015,-0.000015,-0.000015,-0.000015,-0.000015,-0.000015,-0.000015,-0.000015,-0.000015,-0.000015,-0.000015,-0.000015,-0.000015,1,4.599939,0,99.299599,0,0,0,0,5.899907,13.699999,2,0,0,0,0.289987,0,319.999695,1.59997,0.719999,103.296265,19.398947,0,0,0,0,30,0,0,0,1,0,15,0,0,5.899907,50,0,35.799519,0,1.21,0,0,1,0,0,0,0,10000,0,99.999634,114.996643,55.399921,24.800001,29.6,0,30,30,2,0,1,0,0,0,0,0,0,0,0,0,0.03999,0.000248,0.006628,0.029991,1.004924,-0.000015,-0.000015,-17.777786,-72.5,1,0,-17.777786,-17.777786,-17.777786,-17.777786,-17.777786,-17.777786,-17.777786,-17.777786,0,0
0.016,35.9375,13.799994,0,0,0,0,0,0.258782,-30.156298,-0.243535,-0.289065,0.053411,-0.004577,-1.004883,0.041491,-0.063783,0.007436,0,0,0,0,0,0,0,0,0,0,-0.000015,-0.000015,-0.000015,-0.000015,-0.000015,-0.000015,-0.000015,-0.000015,-0.000015,-0.000015,-0.000015,-0.000015,-0.000015,-0.000015,-0.000015,-0.000015,-0.000015,-0.000015,-0.000015,-0.000015,-0.000015,-0.000015,-0.000015,-0.000015,-0.000015,-0.000015,1,4.599939,0,99.299599,0,0,0,0,5.899907,13.699999,2,0,0,0,0.289987,0,319.999695,1.59997,0.719999,103.296265,19.398947,0,0,0,0,30,0,0,0,1,0,15,0,0,5.899907,50,0,35.799519,0,1.21,0,0,1,0,0,0,0,10000,0,99.999634,114.996643,55.399921,24.800001,29.6,0,30,30,2,0,1,0,0,0,0,0,0,0,0,0,0.03999,0.000248,0.006628,0.029991,1.004924,-0.000015,-0.000015,-17.777786,-72.5,1,0,-17.777786,-17.777786,-17.777786,-17.777786,-17.777786,-17.777786,-17.777786,-17.777786,0,0
0.017,35.9375,13.799994,0,0,0,0,0,0.258782,-30.156298,-0.243535,-0.289065,0.053408,-0.004577,-1.004883,0.041281,-0.063768,0.007272,0,0,0,0,0,0,0,0,0,0,-0.000015,-0.000015,-0.000015,-0.000015,-0.000015,-0.000015,-0.000015,-0.000015,-0.000015,-0.000015,-0.000015,-0.000015,-0.000015,-0.000015,-0.000015,-0.000015,-0.000015,-0.000015,-0.000015,-0.000015,-0.000015,-0.000015,-0.000015,-0.000015,-0.000015,-0.000015,1,4.599939,0,99.299599,0,0,0,0,5.899907,13.699999,2,0,0,0,0.289987,0,319.999695,1.59997,0.719999,103.296265,19.398947,0,0,0,0,30,0,0,0,1,0,15,0,0,5.899907,50,0,35.799519,0,1.21,0,0,1,0,0,0,0,10000,0,99.999634,114.996643,55.399921,24.800001,29.6,0,30,30,2,0,1,0,0,0,0,0,0,0,0,0,0.03999,0.000248,0.006628,0.029991,1.004924,-0.000015,-0.000015,-17.777786,-72.5,1,0,-17.777786,-17.777786,-17.777786,-17.777786,-17.777786,-17.777786,-17.777786,-17.777786,0,0
0.018,35.9375,13.799994,0,0,0,0,0,0.258782,-30.156298,-0.243535,-0.289065,0.053405,-0.004577,-1.004883,0.04107,-0.063752,0.007107,0,0,0,0,0,0,0,0,0,0,-0.000015,-0.000015,-0.000015,-0.000015,-0.000015,-0.000015,-0.000015,-0.000015,-0.000015,-0.000015,-0.000015,-0.000015,-0.000015,-0.000015,-0.000015,-0.000015,-0.000015,-0.000015,-0.000015,-0.000015,-0.000015,-0.000015,-0.000015,-0.000015,-0.000015,-0.000015,1,4.599939,0,99.299599,0,0,0,0,5.899907,13.699999,2,0,0,0,0.289987,0,319.999695,1.59997,0.719999,103.296265,19.398947,0,0,0,0,30,0,0,0,1,0,15,0,0,5.899907,50,0,35.799519,0,1.21,0,0,1,0,0,0,0,10000,0,99.999634,114.996643,55.399921,24.800001,29.6,0,30,30,2,0,1,0,0,0,0,0,0,0,0,0,0.03999,0.000248,0.006628,0.029991,1.004924,-0.000015,-0.000015,-17.777786,-72.5,1,0,-17.777786,-17.777786,-17.777786,-17.777786,-17.777786,-17.777786,-17.777786,-17.777786,0,0
0.019,35.9375,13.799994,0,0,0,0,0,0.258782,-30.156298,-0.243535,-0.289065,0.053402,-0.004577,-1.004883,0.04086,-0.063737,0.006942,0,0,0,0,0,0,0,0,0,0,-0.000015,-0.000015,-0.000015,-0.000015,-0.000015,-0.000015,-0.000015,-0.000015,-0.000015,-0.000015,-0.000015,-0.000015,-0.000015,-0.000015,-0.000015,-0.000015,-0.000015,-0.000015,-0.000015,-0.000015,-0.000015,-0.000015,-0.000015,-0.000015,-0.000015,-0.000015,1,4.599939,0,99.299599,0,0,0,0,5.899907,13.699999,2,0,0,0,0.289987,0,319.999695,1.59997,0.719999,103.296265,19.398947,0,0,0,0,30,0,0,0,1,0,15,0,0,5.899907,50,0,35.799519,0,1.21,0,0,1,0,0,0,0,10000,0,99.999634,114.996643,55.399921,24.800001,29.6,0,30,30,2,0,1,0,0,0,0,0,0,0,0,0,0.03999,0.000248,0.006628,0.029991,1.004924,-0.000015,-0.000015,-17.777786,-72.5,1,0,-17.777786,-17.777786,-17.777786,-17.777786,-17.777786,-17.777786,-17.777786,-17.777786,0,0
0.02,35.9375,13.799994,0,0,0,0,0,0.258782,-30.156298,-0.243535,-0.289065,0.053399,-0.004577,-1.004883,0.040649,-0.063722,0.006778,0,0,0,0,0,0,0,0,0,0,-0.000015,-0.000015,-0.000015,-0.000015,-0.000015,-0.000015,-0.000015,-0.000015,-0.000015,-0.000015,-0.000015,-0.000015,-0.000015,-0.000015,-0.000015,-0.000015,-0.000015,-0.000015,-0.000015,-0.000015,-0.000015,-0.000015,-0.000015,-0.000015,-0.000015,-0.000015,1,4.599939,0,99.299599,0,0,0,0,5.899907,13.699999,2,0,0,0,0.289987,0,319.999695,1.59997,0.719999,103.296265,19.398947,0,0,0,0,30,0,0,0,1,0,15,0,0,5.899907,50,0,35.799519,0,1.21,0,0,1,0,0,0,0,10000,0,99.999634,114.996643,55.399921,24.800001,29.6,0,30,30,2,0,1,0,0,0,0,0,0,0,0,0,0.03999,0.000248,0.006628,0.029991,1.004924,-0.000015,-0.000015,-17.777786,-72.5,1,0,-17.777786,-17.777786,-17.777786,-17.777786,-17.777786,-17.777786,-17.777786,-17.777786,0,0
0.021,35.9375,13.799994,0,0,0,0,0,0.258782,-30.156298,-0.243535,-0.289065,0.053393,-0.004577,-1.004883,0.040229,-0.063505,0.006422,0,0,0,0,0,0,0,0,0,0,-0.000015,-0.000015,-0.000015,-0.000015,-0.000015,-0.000015,-0.000015,-0.000015,-0.000015,-0.000015,-0.000015,-0.000015,-0.000015,-0.000015,-0.000015,-0.000015,-0.000015,-0.000015,-0.000015,-0.000015,-0.000015,-0.000015,-0.000015,-0.000015,-0.000015,-0.000015,1,4.599939,0,99.299599,0,0,0,0,5.899907,13.699999,2,0,0,0,0.289987,0,319.999695,1.59997,0.719999,103.296265,19.398947,0,0,0,0,30,0,0,0,1,0,15,0,0,5.899907,50,0,35.799519,0,1.21,0,0,1,0,0,0,0,10000,0,99.999634,114.996643,55.399921,24.800001,29.6,0,30,30,2,0,1,0,0,0,0,0,0,0,0,0,0.03999,0.000248,0.006628,0.029991,1.004924,-0.000015,-0.000015,-17.777786,-72.5,1,0,-17.777786,-17.777786,-17.777786,-17.777786,-17.777786,-17.777786,-17.777786,-17.777786,0,0
0.022,35.9375,13.799994,0,0,0,0,0,0.258782,-30.156298,-0.243535,-0.289065,0.053387,-0.004577,-1.004883,0.03981,-0.063288,0.006067,0,0,0,0,0,0,0,0,0,0,-0.000015,-0.000015,-0.000015,-0.000015,-0.000015,-0.000015,-0.000015,-0.000015,-0.000015,-0.000015,-0.000015,-0.000015,-0.000015,-0.000015,-0.000015,-0.000015,-0.000015,-0.000015,-0.000015,-0.000015,-0.000015,-0.000015,-0.000015,-0.000015,-0.000015,-0.000015,1,4.599939,0,99.299599,0,0,0,0,5.899907,13.699999,2,0,0,0,0.289987,0,319.999695,1.59997,0.719999,103.296265,19.398947,0,0,0,0,30,0,0,0,1,0,15,0,0,5.899907,50,0,35.799519,0,1.21,0,0,1,0,0,0,0,10000,0,99.999634,114.996643,55.399921,24.800001,29.6,0,30,30,2,0,1,0,0,0,0,0,0,0,0,0,0.03999,0.000248,0.006628,0.029991,1.004924,-0.000015,-0.000015,-17.777786,-72.5,1,0,-17.777786,-17.777786,-17.777786,-17.777786,-17.777786,-17.777786,-17.777786,-17.777786,0,0
0.023,35.9375,13.799994,0,0,0,0,0,0.258782,-30.156298,-0.243535,-0.289065,0.053381,-0.004577,-1.004883,0.03939,-0.063072,0.005712,0,0,0,0,0,0,0,0,0,0,-0.000015,-0.000015,-0.000015,-0.000015,-0.000015,-0.000015,-0.000015,-0.000015,-0.000015,-0.000015,-0.000015,-0.000015,-0.000015,-0.000015,-0.000015,-0.000015,-0.000015,-0.000015,-0.000015,-0.000015,-0.000015,-0.000015,-0.000015,-0.000015,-0.000015,-0.000015,1,4.599939,0,99.299599,0,0,0,0,5.899907,13.699999,2,0,0,0,0.289987,0,319.999695,1.59997,0.719999,103.296265,19.398947,0,0,0,0,30,0,0,0,1,0,15,0,0,5.899907,50,0,35.799519,0,1.21,0,0,1,0,0,0,0,10000,0,99.999634,114.996643,55.399921,24.800001,29.6,0,30,30,2,0,1,0,0,0,0,0,0,0,0,0,0.03999,0.000248,0.006628,0.029991,1.004924,-0.000015,-0.000015,-17.777786,-72.5,1,0,-17.777786,-17.777786,-17.777786,-17.777786,-17.777786,-17.777786,-17.777786,-17.777786,0,0
0.024,35.9375,13.799994,0,0,0,0,0,0.258782,-30.156298,-0.243535,-0.289065,0.053375,-0.004577,-1.004883,0.038971,-0.062855,0.005356,0,0,0,0,0,0,0,0,0,0,-0.000015,-0.000015,-0.000015,-0.000015,-0.000015,-0.000015,-0.000015,-0.000015,-0.000015,-0.000015,-0.000015,-0.000015,-0.000015,-0.000015,-0.000015,-0.000015,-0.000015,-0.000015,-0.000015,-0.000015,-0.000015,-0.000015,-0.000015,-0.000015,-0.000015,-0.000015,1,4.599939,0,99.299599,0,0,0,0,5.899907,13.699999,2,0,0,0,0.289987,0,319.999695,1.59997,0.719999,103.296265,19.398947,0,0,0,0,30,0,0,0,1,0,15,0,0,5.899907,50,0,35.799519,0,1.21,0,0,1,0,0,0,0,10000,0,99.999634,114.996643,55.399921,24.800001,29.6,0,30,30,2,0,1,0,0,0,0,0,0,0,0,0,0.03999,0.000248,0.006628,0.029991,1.004924,-0.000015,-0.000015,-17.777786,-72.5,1,0,-17.777786,-17.777786,-17.777786,-17.777786,-17.777786,-17.777786,-17.777786,-17.777786,0,0
0.025,35.9375,13.799994,0,0,0,0,0,0.258782,-30.156298,-0.243535,-0.289065,0.053369,-0.004577,-1.004883,0.038551,-0.062638,0.005001,0,0,0,0,0,0,0,0,0,0,-0.000015,-0.000015,-0.000015,-0.000015,-0.000015,-0.000015,-0.000015,-0.000015,-0.000015,-0.000015,-0.000015,-0.000015,-0.000015,-0.000015,-0.000015,-0.000015,-0.000015,-0.000015,-0.000015,-0.000015,-0.000015,-0.000015,-0.000015,-0.000015,-0.000015,-0.000015,1,4.599939,0,99.299599,0,0,0,0,5.899907,13.699999,2,0,0,0,0.289987,0,319.999695,1.59997,0.719999,103.296265,19.398947,0,0,0,0,30,0,0,0,1,0,15,0,0,5.899907,50,0,35.799519,0,1.21,0,0,1,0,0,0,0,10000,0,99.999634,114.996643,55.399921,24.800001,29.6,0,30,30,2,0,1,0,0,0,0,0,0,0,0,0,0.03999,0.000248,0.006628,0.029991,1.004924,-0.000015,-0.000015,-17.777786,-72.5,1,0,-17.777786,-17.777786,-17.777786,-17.777786,-17.777786,-17.777786,-17.777786,-17.777786,0,0
0.026,35.9375,13.799994,0,0,0,0,0,0.258782,-30.156298,-0.243535,-0.289065,0.053363,-0.004577,-1.004883,0.038131,-0.062422,0.004645,0,0,0,0,0,0,0,0,0,0,-0.000015,-0.000015,-0.000015,-0.000015,-0.000015,-0.000015,-0.000015,-0.000015,-0.000015,-0.000015,-0.000015,-0.000015,-0.000015,-0.000015,-0.000015,-0.000015,-0.000015,-0.000015,-0.000015,-0.000015,-0.000015,-0.000015,-0.000015,-0.000015,-0.000015,-0.000015,1,4.599939,0,99.299599,0,0,0,0,5.899907,13.699999,2,0,0,0,0.289987,0,319.999695,1.59997,0.719999,103.296265,19.398947,0,0,0,0,30,0,0,0,1,0,15,0,0,5.899907,50,0,35.799519,0,1.21,0,0,1,0,0,0,0,10000,0,99.999634,114.996643,55.399921,24.800001,29.6,0,30,30,2,0,1,0,0,0,0,0,0,0,0,0,0.03999,0.000248,0.006628,0.029991,1.004924,-0.000015,-0.000015,-17.777786,-72.5,1,0,-17.777786,-17.777786,-17.777786,-17.777786,-17.777786,-17.777786,-17.777786,-17.777786,0,0
0.027,35.9375,13.799994,0,0,0,0,0,0.258782,-30.156298,-0.243535,-0.289065,0.053357,-0.004577,-1.004883,0.037712,-0.062205,0.00429,0,0,0,0,0,0,0,0,0,0,-0.000015,-0.000015,-0.000015,-0.000015,-0.000015,-0.000015,-0.000015,-0.000015,-0.000015,-0.000015,-0.000015,-0.000015,-0.000015,-0.000015,-0.000015,-0.000015,-0.000015,-0.000015,-0.000015,-0.000015,-0.000015,-0.000015,-0.000015,-0.000015,-0.000015,-0.000015,1,4.599939,0,99.299599,0,0,0,0,5.899907,13.699999,2,0,0,0,0.289987,0,319.999695,1.59997,0.719999,103.296265,19.398947,0,0,0,0,30,0,0,0,1,0,15,0,0,5.899907,50,0,35.799519,0,1.21,0,0,1,0,0,0,0,10000,0,99.999634,114.996643,55.399921,24.800001,29.6,0,30,30,2,0,1,0,0,0,0,0,0,0,0,0,0.03999,0.000248,0.006628,0.029991,1.004924,-0.000015,-0.000015,-17.777786,-72.5,1,0,-17.777786,-17.777786,-17.777786,-17.777786,-17.777786,-17.777786,-17.777786,-17.777786,0,0
0.028,35.9375,13.799994,0,0,0,0,0,0.258782,-30.156298,-0.243535,-0.289065,0.053351,-0.004577,-1.004883,0.037292,-0.061988,0.003935,0,0,0,0,0,0,0,0,0,0,-0.000015,-0.000015,-0.000015,-0.000015,-0.000015,-0.000015,-0.000015,-0.000015,-0.000015,-0.000015,-0.000015,-0.000015,-0.000015,-0.000015,-0.000015,-0.000015,-0.000015,-0.000015,-0.000015,-0.000015,-0.000015,-0.000015,-0.000015,-0.000015,-0.000015,-0.000015,1,4.599939,0,99.299599,0,0,0,0,5.899907,13.699999,2,0,0,0,0.289987,0,319.999695,1.59997,0.719999,103.296265,19.398947,0,0,0,0,30,0,0,0,1,0,15,0,0,5.899907,50,0,35.799519,0,1.21,0,0,1,0,0,0,0,10000,0,99.999634,114.996643,55.399921,24.800001,29.6,0,30,30,2,0,1,0,0,0,0,0,0,0,0,0,0.03999,0.000248,0.006628,0.029991,1.004924,-0.000015,-0.000015,-17.777786,-72.5,1,0,-17.777786,-17.777786,-17.777786,-17.777786,-17.777786,-17.777786,-17.777786,-17.777786,0,0
0.029,35.9375,13.799994,0,0,0,0,0,0.258782,-30.156298,-0.243535,-0.289065,0.053345,-0.004577,-1.004883,0.036873,-0.061772,0.003579,0,0,0,0,0,0,0,0,0,0,-0.000015,-0.000015,-0.000015,-0.000015,-0.000015,-0.000015,-0.000015,-0.000015,-0.000015,-0.000015,-0.000015,-0.000015,-0.000015,-0.000015,-0.000015,-0.000015,-0.000015,-0.000015,-0.000015,-0.000015,-0.000015,-0.000015,-0.000015,-0.000015,-0.000015,-0.000015,1,4.599939,0,99.299599,0,0,0,0,5.899907,13.699999,2,0,0,0,0.289987,0,319.999695,1.59997,0.719999,103.296265,19.398947,0,0,0,0,30,0,0,0,1,0,15,0,0,5.899907,50,0,35.799519,0,1.21,0,0,1,0,0,0,0,10000,0,99.999634,114.996643,55.399921,24.800001,29.6,0,30,30,2,0,1,0,0,0,0,0,0,0,0,0,0.03999,0.000248,0.006628,0.029991,1.004924,-0.000015,-0.000015,-17.777786,-72.5,1,0,-17.777786,-17.777786,-17.777786,-17.777786,-17.777786,-17.777786,-17.777786,-17.777786,0,0
0.03,35.9375,13.799994,0,0,0,0,0,0.258782,-30.156298,-0.243535,-0.289065,0.053339,-0.004577,-1.004883,0.036453,-0.061555,0.003224,0,0,0,0,0,0,0,0,0,0,-0.000015,-0.000015,-0.000015,-0.000015,-0.000015,-0.000015,-0.000015,-0.000015,-0.000015,-0.000015,-0.000015,-0.000015,-0.000015,-0.000015,-0.000015,-0.000015,-0.000015,-0.000015,-0.000015,-0.000015,-0.000015,-0.000015,-0.000015,-0.000015,-0.000015,-0.000015,1,4.599939,0,99.299599,0,0,0,0,5.899907,13.699999,2,0,0,0,0.289987,0,319.999695,1.59997,0.719999,103.296265,19.398947,0,0,0,0,30,0,0,0,1,0,15,0,0,5.899907,50,0,35.799519,0,1.21,0,0,1,0,0,0,0,10000,0,99.999634,114.996643,55.399921,24.800001,29.6,0,30,30,2,0,1,0,0,0,0,0,0,0,0,0,0.03999,0.000248,0.006628,0.029991,1.004924,-0.000015,-0.000015,-17.777786,-72.5,1,0,-17.777786,-17.777786,-17.777786,-17.777786,-17.777786,-17.777786,-17.777786,-17.777786,0,0
0.031,35.9375,13.799994,0,0,0,0,0,0.258782,-30.156298,-0.243535,-0.289065,0.053333,-0.004577,-1.004883,0.036033,-0.061338,0.002868,0,0,0,0,0,0,0,0,0,0,-0.000015,-0.000015,-0.000015,-0.000015,-0.000015,-0.000015,-0.000015,-0.000015,-0.000015,-0.000015,-0.000015,-0.000015,-0.000015,-0.000015,-0.000015,-0.000015,-0.000015,-0.000015,-0.000015,-0.000015,-0.000015,-0.000015,-0.000015,-0.000015,-0.000015,-0.000015,1,4.599939,0,99.299599,0,0,0,0,5.899907,13.699999,2,0,0,0,0.289987,0,319.999695,1.59997,0.719999,103.296265,19.398947,0,0,0,0,30,0,0,0,1,0,15,0,0,5.899907,50,0,35.799519,0,1.21,0,0,1,0,0,0,0,10000,0,99.999634,114.996643,55.399921,24.800001,29.6,0,30,30,2,0,1,0,0,0,0,0,0,0,0,0,0.03999,0.000248,0.006628,0.029991,1.004924,-0.000015,-0.000015,-17.777786,-72.5,1,0,-17.777786,-17.777786,-17.777786,-17.777786,-17.777786,-17.777786,-17.777786,-17.777786,0,0
0.032,35.9375,13.799994,0,0,0,0,0,0.258782,-30.156298,-0.243535,-0.289065,0.053327,-0.004577,-1.004883,0.035614,-0.061122,0.002513,0,0,0,0,0,0,0,0,0,0,-0.000015,-0.000015,-0.000015,-0.000015,-0.000015,-0.000015,-0.000015,-0.000015,-0.000015,-0.000015,-0.000015,-0.000015,-0.000015,-0.000015,-0.000015,-0.000015,-0.000015,-0.000015,-0.000015,-0.000015,-0.000015,-0.000015,-0.000015,-0.000015,-0.000015,-0.000015,1,4.599939,0,99.299599,0,0,0,0,5.899907,13.699999,2,0,0,0,0.289987,0,319.999695,1.59997,0.719999,103.296265,19.398947,0,0,0,0,30,0,0,0,1,0,15,0,0,5.899907,50,0,35.799519,0,1.21,0,0,1,0,0,0,0,10000,0,99.999634,114.996643,55.399921,24.800001,29.6,0,30,30,2,0,1,0,0,0,0,0,0,0,0,0,0.03999,0.000248,0.006628,0.029991,1.004924,-0.000015,-0.000015,-17.777786,-72.5,1,0,-17.777786,-17.777786,-17.777786,-17.777786,-17.777786,-17.777786,-17.777786,-17.777786,0,0
0.033,35.9375,13.799994,0,0,0,0,0,0.258782,-30.156298,-0.243535,-0.289065,0.053321,-0.004577,-1.004883,0.035194,-0.060905,0.002158,0,0,0,0,0,0,0,0,0,0,-0.000015,-0.000015,-0.000015,-0.000015,-0.000015,-0.000015,-0.000015,-0.000015,-0.000015,-0.000015,-0.000015,-0.000015,-0.000015,-0.000015,-0.000015,-0.000015,-0.000015,-0.000015,-0.000015,-0.000015,-0.000015,-0.000015,-0.000015,-0.000015,-0.000015,-0.000015,1,4.599939,0,99.299599,0,0,0,0,5.899907,13.699999,2,0,0,0,0.289987,0,319.999695,1.59997,0.719999,103.296265,19.398947,0,0,0,0,30,0,0,0,1,0,15,0,0,5.899907,50,0,35.799519,0,1.21,0,0,1,0,0,0,0,10000,0,99.999634,114.996643,55.399921,24.800001,29.6,0,30,30,2,0,1,0,0,0,0,0,0,0,0,0,0.03999,0.000248,0.006628,0.029991,1.004924,-0.000015,-0.000015,-17.777786,-72.5,1,0,-17.777786,-17.777786,-17.777786,-17.777786,-17.777786,-17.777786,-17.777786,-17.777786,0,0
0.034,35.9375,13.799994,0,0,0,0,0,0.258782,-30.156298,-0.243535,-0.289065,0.053315,-0.004577,-1.004883,0.034775,-0.060688,0.001802,0,0,0,0,0,0,0,0,0,0,-0.000015,-0.000015,-0.000015,-0.000015,-0.000015,-0.000015,-0.000015,-0.000015,-0.000015,-0.000015,-0.000015,-0.000015,-0.000015,-0.000015,-0.000015,-0.000015,-0.000015,-0.000015,-0.000015,-0.000015,-0.000015,-0.000015,-0.000015,-0.000015,-0.000015,-0.000015,1,4.599939,0,99.299599,0,0,0,0,5.899907,13.699999,2,0,0,0,0.289987,0,319.999695,1.59997,0.719999,103.296265,19.398947,0,0,0,0,30,0,0,0,1,0,15,0,0,5.899907,50,0,35.799519,0,1.21,0,0,1,0,0,0,0,10000,0,99.999634,114.996643,55.399921,24.800001,29.6,0,30,30,2,0,1,0,0,0,0,0,0,0,0,0,0.03999,0.000248,0.006628,0.029991,1.004924,-0.000015,-0.000015,-17.777786,-72.5,1,0,-17.777786,-17.777786,-17.777786,-17.777786,-17.777786,-17.777786,-17.777786,-17.777786,0,0
0.035,35.9375,13.799994,0,0,0,0,0,0.258782,-30.156298,-0.243535,-0.289065,0.053309,-0.004577,-1.004883,0.034355,-0.060472,0.001447,0,0,0,0,0,0,0,0,0,0,-0.000015,-0.000015,-0.000015,-0.000015,-0.000015,-0.000015,-0.000015,-0.000015,-0.000015,-0.000015,-0.000015,-0.000015,-0.000015,-0.000015,-0.000015,-0.000015,-0.000015,-0.000015,-0.000015,-0.000015,-0.000015,-0.000015,-0.000015,-0.000015,-0.000015,-0.000015,1,4.599939,0,99.299599,0,0,0,0,5.899907,13.699999,2,0,0,0,0.289987,0,319.999695,1.59997,0.719999,103.296265,19.398947,0,0,0,0,30,0,0,0,1,0,15,0,0,5.899907,50,0,35.799519,0,1.21,0,0,1,0,0,0,0,10000,0,99.999634,114.996643,55.399921,24.800001,29.6,0,30,30,2,0,1,0,0,0,0,0,0,0,0,0,0.03999,0.000248,0.006628,0.029991,1.004924,-0.000015,-0.000015,-17.777786,-72.5,1,0,-17.777786,-17.777786,-17.777786,-17.777786,-17.777786,-17.777786,-17.777786,-17.777786,0,0
0.036,35.9375,13.799994,0,0,0,0,0,0.258782,-30.156298,-0.243535,-0.289065,0.053303,-0.004577,-1.004883,0.033935,-0.060255,0.001092,0,0,0,0,0,0,0,0,0,0,-0.000015,-0.000015,-0.000015,-0.000015,-0.000015,-0.000015,-0.000015,-0.000015,-0.000015,-0.000015,-0.000015,-0.000015,-0.000015,-0.000015,-0.000015,-0.000015,-0.000015,-0.000015,-0.000015,-0.000015,-0.000015,-0.000015,-0.000015,-0.000015,-0.000015,-0.000015,1,4.599939,0,99.299599,0,0,0,0,5.899907,13.699999,2,0,0,0,0.289987,0,319.999695,1.59997,0.719999,103.296265,19.398947,0,0,0,0,30,0,0,0,1,0,15,0,0,5.899907,50,0,35.799519,0,1.21,0,0,1,0,0,0,0,10000,0,99.999634,114.996643,55.399921,24.800001,29.6,0,30,30,2,0,1,0,0,0,0,0,0,0,0,0,0.03999,0.000248,0.006628,0.029991,1.004924,-0.000015,-0.000015,-17.777786,-72.5,1,0,-17.777786,-17.777786,-17.777786,-17.777786,-17.777786,-17.777786,-17.777786,-17.777786,0,0
0.037,35.9375,13.799994,0,0,0,0,0,0.258782,-30.156298,-0.243535,-0.289065,0.053297,-0.004577,-1.004883,0.033516,-0.060038,0.000736,0,0,0,0,0,0,0,0,0,0,-0.000015,-0.000015,-0.000015,-0.000015,-0.000015,-0.000015,-0.000015,-0.000015,-0.000015,-0.000015,-0.000015,-0.000015,-0.000015,-0.000015,-0.000015,-0.000015,-0.000015,-0.000015,-0.000015,-0.000015,-0.000015,-0.000015,-0.000015,-0.000015,-0.000015,-0.000015,1,4.599939,0,99.299599,0,0,0,0,5.899907,13.699999,2,0,0,0,0.289987,0,319.999695,1.59997,0.719999,103.296265,19.398947,0,0,0,0,30,0,0,0,1,0,15,0,0,5.899907,50,0,35.799519,0,1.21,0,0,1,0,0,0,0,10000,0,99.999634,114.996643,55.399921,24.800001,29.6,0,30,30,2,0,1,0,0,0,0,0,0,0,0,0,0.03999,0.000248,0.006628,0.029991,1.004924,-0.000015,-0.000015,-17.777786,-72.5,1,0,-17.777786,-17.777786,-17.777786,-17.777786,-17.777786,-17.777786,-17.777786,-17.777786,0,0
0.038,35.9375,13.799994,0,0,0,0,0,0.258782,-30.156298,-0.243535,-0.289065,0.053291,-0.004577,-1.004883,0.033096,-0.059822,0.000381,0,0,0,0,0,0,0,0,0,0,-0.000015,-0.000015,-0.000015,-0.000015,-0.000015,-0.000015,-0.000015,-0.000015,-0.000015,-0.000015,-0.000015,-0.000015,-0.000015,-0.000015,-0.000015,-0.000015,-0.000015,-0.000015,-0.000015,-0.000015,-0.000015,-0.000015,-0.000015,-0.000015,-0.000015,-0.000015,1,4.599939,0,99.299599,0,0,0,0,5.899907,13.699999,2,0,0,0,0.289987,0,319.999695,1.59997,0.719999,103.296265,19.398947,0,0,0,0,30,0,0,0,1,0,15,0,0,5.899907,50,0,35.799519,0,1.21,0,0,1,0,0,0,0,10000,0,99.999634,114.996643,55.399921,24.800001,29.6,0,30,30,2,0,1,0,0,0,0,0,0,0,0,0,0.03999,0.000248,0.006628,0.029991,1.004924,-0.000015,-0.000015,-17.777786,-72.5,1,0,-17.777786,-17.777786,-17.777786,-17.777786,-17.777786,-17.777786,-17.777786,-17.777786,0,0
0.039,35.9375,13.799994,0,0,0,0,0,0.258782,-30.156298,-0.243535,-0.289065,0.053284,-0.004577,-1.004883,0.032677,-0.059605,0.000025,0,0,0,0,0,0,0,0,0,0,-0.000015,-0.000015,-0.000015,-0.000015,-0.000015,-0.000015,-0.000015,-0.000015,-0.000015,-0.000015,-0.000015,-0.000015,-0.000015,-0.000015,-0.000015,-0.000015,-0.000015,-0.000015,-0.000015,-0.000015,-0.000015,-0.000015,-0.000015,-0.000015,-0.000015,-0.000015,1,4.599939,0,99.299599,0,0,0,0,5.899907,13.699999,2,0,0,0,0.289987,0,319.999695,1.59997,0.719999,103.296265,19.398947,0,0,0,0,30,0,0,0,1,0,15,0,0,5.899907,50,0,35.799519,0,1.21,0,0,1,0,0,0,0,10000,0,99.999634,114.996643,55.399921,24.800001,29.6,0,30,30,2,0,1,0,0,0,0,0,0,0,0,0,0.03999,0.000248,0.006628,0.029991,1.004924,-0.000015,-0.000015,-17.777786,-72.5,1,0,-17.777786,-17.777786,-17.777786,-17.777786,-17.777786,-17.777786,-17.777786,-17.777786,0,0
0.04,35.9375,13.799994,0,0,0,0,0,0.258782,-30.156298,-0.243535,-0.289065,0.053278,-0.004577,-1.004883,0.032257,-0.059388,-0.00033,0,0,0,0,0,0,0,0,0,0,-0.000015,-0.000015,-0.000015,-0.000015,-0.000015,-0.000015,-0.000015,-0.000015,-0.000015,-0.000015,-0.000015,-0.000015,-0.000015,-0.000015,-0.000015,-0.000015,-0.000015,-0.000015,-0.000015,-0.000015,-0.000015,-0.000015,-0.000015,-0.000015,-0.000015,-0.000015,1,4.599939,0,99.299599,0,0,0,0,5.899907,13.699999,2,0,0,0,0.289987,0,319.999695,1.59997,0.719999,103.296265,19.398947,0,0,0,0,30,0,0,0,1,0,15,0,0,5.899907,50,0,35.799519,0,1.21,0,0,1,0,0,0,0,10000,0,99.999634,114.996643,55.399921,24.800001,29.6,0,30,30,2,0,1,0,0,0,0,0,0,0,0,0,0.03999,0.000248,0.006628,0.029991,1.004924,-0.000015,-0.000015,-17.777786,-72.5,1,0,-17.777786,-17.777786,-17.777786,-17.777786,-17.777786,-17.777786,-17.777786,-17.777786,0,0
0.041,35.9375,13.799994,0,0,0,0,0,0.258782,-30.156298,-0.243535,-0.289065,0.053276,-0.004577,-1.004883,0.031901,-0.058993,-0.000604,0,0,0,0,0,0,0,0,0,0,-0.000015,-0.000015,-0.000015,-0.000015,-0.000015,-0.000015,-0.000015,-0.000015,-0.000015,-0.000015,-0.000015,-0.000015,-0.000015,-0.000015,-0.000015,-0.000015,-0.000015,-0.000015,-0.000015,-0.000015,-0.000015,-0.000015,-0.000015,-0.000015,-0.000015,-0.000015,1,4.599939,0,99.299599,0,0,0,0,5.899907,13.699999,2,0,0,0,0.289987,0,319.999695,1.59997,0.719999,103.296265,19.398947,0,0,0,0,30,0,0,0,1,0,15,0,0,5.899907,50,0,35.799519,0,1.21,0,0,1,0,0,0,0,10000,0,99.999634,114.996643,55.399921,24.800001,29.6,0,30,30,2,0,1,0,0,0,0,0,0,0,0,0,0.03999,0.000248,0.006628,0.029991,1.004924,-0.000015,-0.000015,-17.777786,-72.5,1,0,-17.777786,-17.777786,-17.777786,-17.777786,-17.777786,-17.777786,-17.777786,-17.777786,0,0
0.042,35.9375,13.799994,0,0,0,0,0,0.258782,-30.156298,-0.243535,-0.289065,0.053273,-0.004577,-1.004883,0.031544,-0.058598,-0.000879,0,0,0,0,0,0,0,0,0,0,-0.000015,-0.000015,-0.000015,-0.000015,-0.000015,-0.000015,-0.000015,-0.000015,-0.000015,-0.000015,-0.000015,-0.000015,-0.000015,-0.000015,-0.000015,-0.000015,-0.000015,-0.000015,-0.000015,-0.000015,-0.000015,-0.000015,-0.000015,-0.000015,-0.000015,-0.000015,1,4.599939,0,99.299599,0,0,0,0,5.899907,13.699999,2,0,0,0,0.289987,0,319.999695,1.59997,0.719999,103.296265,19.398947,0,0,0,0,30,0,0,0,1,0,15,0,0,5.899907,50,0,35.799519,0,1.21,0,0,1,0,0,0,0,10000,0,99.999634,114.996643,55.399921,24.800001,29.6,0,30,30,2,0,1,0,0,0,0,0,0,0,0,0,0.03999,0.000248,0.006628,0.029991,1.004924,-0.000015,-0.000015,-17.777786,-72.5,1,0,-17.777786,-17.777786,-17.777786,-17.777786,-17.777786,-17.777786,-17.777786,-17.777786,0,0
0.043,35.9375,13.799994,0,0,0,0,0,0.258782,-30.156298,-0.243535,-0.289065,0.05327,-0.004577,-1.004883,0.031188,-0.058203,-0.001153,0,0,0,0,0,0,0,0,0,0,-0.000015,-0.000015,-0.000015,-0.000015,-0.000015,-0.000015,-0.000015,-0.000015,-0.000015,-0.000015,-0.000015,-0.000015,-0.000015,-0.000015,-0.000015,-0.000015,-0.000015,-0.000015,-0.000015,-0.000015,-0.000015,-0.000015,-0.000015,-0.000015,-0.000015,-0.000015,1,4.599939,0,99.299599,0,0,0,0,5.899907,13.699999,2,0,0,0,0.289987,0,319.999695,1.59997,0.719999,103.296265,19.398947,0,0,0,0,30,0,0,0,1,0,15,0,0,5.899907,50,0,35.799519,0,1.21,0,0,1,0,0,0,0,10000,0,99.999634,114.996643,55.399921,24.800001,29.6,0,30,30,2,0,1,0,0,0,0,0,0,0,0,0,0.03999,0.000248,0.006628,0.029991,1.004924,-0.000015,-0.000015,-17.777786,-72.5,1,0,-17.777786,-17.777786,-17.777786,-17.777786,-17.777786,-17.777786,-17.777786,-17.777786,0,0
0.044,35.9375,13.799994,0,0,0,0,0,0.258782,-30.156298,-0.243535,-0.289065,0.053267,-0.004577,-1.004883,0.030832,-0.057808,-0.001428,0,0,0,0,0,0,0,0,0,0,-0.000015,-0.000015,-0.000015,-0.000015,-0.000015,-0.000015,-0.000015,-0.000015,-0.000015,-0.000015,-0.000015,-0.000015,-0.000015,-0.000015,-0.000015,-0.000015,-0.000015,-0.000015,-0.000015,-0.000015,-0.000015,-0.000015,-0.000015,-0.000015,-0.000015,-0.000015,1,4.599939,0,99.299599,0,0,0,0,5.899907,13.699999,2,0,0,0,0.289987,0,319.999695,1.59997,0.719999,103.296265,19.398947,0,0,0,0,30,0,0,0,1,0,15,0,0,5.899907,50,0,35.799519,0,1.21,0,0,1,0,0,0,0,10000,0,99.999634,114.996643,55.399921,24.800001,29.6,0,30,30,2,0,1,0,0,0,0,0,0,0,0,0,0.03999,0.000248,0.006628,0.029991,1.004924,-0.000015,-0.000015,-17.777786,-72.5,1,0,-17.777786,-17.777786,-17.777786,-17.777786,-17.777786,-17.777786,-17.777786,-17.777786,0,0
,,,,,,,,,,,,,,,,,,,,,,,,,,,,,,,,,,,,,,,,,,,,,,,,,,,,,,,,,,,,,,,,,,,,,,,,,,,,,,,,,,,,,,,,,,,,,,,,,,,,,,,,,,,,,,,,,,,,,,,,,,,,,,,,,,,,,,,,,,,,,,,
,,,,,,,,,,,,,,,,,,,,,,,,,,,,,,,,,,,,,,,,,,,,,,,,,,,,,,,,,,,,,,,,,,,,,,,,,,,,,,,,,,,,,,,,,,,,,,,,,,,,,,,,,,,,,,,,,,,,,,,,,,,,,,,,,,,,,,,,,,,,,,,
,,,,,,,,,,,,,,,,,,,,,,,,,,,,,,,,,,,,,,,,,,,,,,,,,,,,,,,,,,,,,,,,,,,,,,,,,,,,,,,,,,,,,,,,,,,,,,,,,,,,,,,,,,,,,,,,,,,,,,,,,,,,,,,,,,,,,,,,,,,,,,,
,,,,,,,,,,,,,,,,,,,,,,,,,,,,,,,,,,,,,,,,,,,,,,,,,,,,,,,,,,,,,,,,,,,,,,,,,,,,,,,,,,,,,,,,,,,,,,,,,,,,,,,,,,,,,,,,,,,,,,,,,,,,,,,,,,,,,,,,,,,,,,,
,,,,,,,,,,,,,,,,,,,,,,,,,,,,,,,,,,,,,,,,,,,,,,,,,,,,,,,,,,,,,,,,,,,,,,,,,,,,,,,,,,,,,,,,,,,,,,,,,,,,,,,,,,,,,,,,,,,,,,,,,,,,,,,,,,,,,,,,,,,,,,,
,,,,,,,,,,,,,,,,,,,,,,,,,,,,,,,,,,,,,,,,,,,,,,,,,,,,,,,,,,,,,,,,,,,,,,,,,,,,,,,,,,,,,,,,,,,,,,,,,,,,,,,,,,,,,,,,,,,,,,,,,,,,,,,,,,,,,,,,,,,,,,,
,,,,,,,,,,,,,,,,,,,,,,,,,,,,,,,,,,,,,,,,,,,,,,,,,,,,,,,,,,,,,,,,,,,,,,,,,,,,,,,,,,,,,,,,,,,,,,,,,,,,,,,,,,,,,,,,,,,,,,,,,,,,,,,,,,,,,,,,,,,,,,,
,,,,,,,,,,,,,,,,,,,,,,,,,,,,,,,,,,,,,,,,,,,,,,,,,,,,,,,,,,,,,,,,,,,,,,,,,,,,,,,,,,,,,,,,,,,,,,,,,,,,,,,,,,,,,,,,,,,,,,,,,,,,,,,,,,,,,,,,,,,,,,,
,,,,,,,,,,,,,,,,,,,,,,,,,,,,,,,,,,,,,,,,,,,,,,,,,,,,,,,,,,,,,,,,,,,,,,,,,,,,,,,,,,,,,,,,,,,,,,,,,,,,,,,,,,,,,,,,,,,,,,,,,,,,,,,,,,,,,,,,,,,,,,,
,,,,,,,,,,,,,,,,,,,,,,,,,,,,,,,,,,,,,,,,,,,,,,,,,,,,,,,,,,,,,,,,,,,,,,,,,,,,,,,,,,,,,,,,,,,,,,,,,,,,,,,,,,,,,,,,,,,,,,,,,,,,,,,,,,,,,,,,,,,,,,,
,,,,,,,,,,,,,,,,,,,,,,,,,,,,,,,,,,,,,,,,,,,,,,,,,,,,,,,,,,,,,,,,,,,,,,,,,,,,,,,,,,,,,,,,,,,,,,,,,,,,,,,,,,,,,,,,,,,,,,,,,,,,,,,,,,,,,,,,,,,,,,,
,,,,,,,,,,,,,,,,,,,,,,,,,,,,,,,,,,,,,,,,,,,,,,,,,,,,,,,,,,,,,,,,,,,,,,,,,,,,,,,,,,,,,,,,,,,,,,,,,,,,,,,,,,,,,,,,,,,,,,,,,,,,,,,,,,,,,,,,,,,,,,,
,,,,,,,,,,,,,,,,,,,,,,,,,,,,,,,,,,,,,,,,,,,,,,,,,,,,,,,,,,,,,,,,,,,,,,,,,,,,,,,,,,,,,,,,,,,,,,,,,,,,,,,,,,,,,,,,,,,,,,,,,,,,,,,,,,,,,,,,,,,,,,,
,,,,,,,,,,,,,,,,,,,,,,,,,,,,,,,,,,,,,,,,,,,,,,,,,,,,,,,,,,,,,,,,,,,,,,,,,,,,,,,,,,,,,,,,,,,,,,,,,,,,,,,,,,,,,,,,,,,,,,,,,,,,,,,,,,,,,,,,,,,,,,,
,,,,,,,,,,,,,,,,,,,,,,,,,,,,,,,,,,,,,,,,,,,,,,,,,,,,,,,,,,,,,,,,,,,,,,,,,,,,,,,,,,,,,,,,,,,,,,,,,,,,,,,,,,,,,,,,,,,,,,,,,,,,,,,,,,,,,,,,,,,,,,,
,,,,,,,,,,,,,,,,,,,,,,,,,,,,,,,,,,,,,,,,,,,,,,,,,,,,,,,,,,,,,,,,,,,,,,,,,,,,,,,,,,,,,,,,,,,,,,,,,,,,,,,,,,,,,,,,,,,,,,,,,,,,,,,,,,,,,,,,,,,,,,,
,,,,,,,,,,,,,,,,,,,,,,,,,,,,,,,,,,,,,,,,,,,,,,,,,,,,,,,,,,,,,,,,,,,,,,,,,,,,,,,,,,,,,,,,,,,,,,,,,,,,,,,,,,,,,,,,,,,,,,,,,,,,,,,,,,,,,,,,,,,,,,,
,,,,,,,,,,,,,,,,,,,,,,,,,,,,,,,,,,,,,,,,,,,,,,,,,,,,,,,,,,,,,,,,,,,,,,,,,,,,,,,,,,,,,,,,,,,,,,,,,,,,,,,,,,,,,,,,,,,,,,,,,,,,,,,,,,,,,,,,,,,,,,,
,,,,,,,,,,,,,,,,,,,,,,,,,,,,,,,,,,,,,,,,,,,,,,,,,,,,,,,,,,,,,,,,,,,,,,,,,,,,,,,,,,,,,,,,,,,,,,,,,,,,,,,,,,,,,,,,,,,,,,,,,,,,,,,,,,,,,,,,,,,,,,,
,,,,,,,,,,,,,,,,,,,,,,,,,,,,,,,,,,,,,,,,,,,,,,,,,,,,,,,,,,,,,,,,,,,,,,,,,,,,,,,,,,,,,,,,,,,,,,,,,,,,,,,,,,,,,,,,,,,,,,,,,,,,,,,,,,,,,,,,,,,,,,,
,,,,,,,,,,,,,,,,,,,,,,,,,,,,,,,,,,,,,,,,,,,,,,,,,,,,,,,,,,,,,,,,,,,,,,,,,,,,,,,,,,,,,,,,,,,,,,,,,,,,,,,,,,,,,,,,,,,,,,,,,,,,,,,,,,,,,,,,,,,,,,,
,,,,,,,,,,,,,,,,,,,,,,,,,,,,,,,,,,,,,,,,,,,,,,,,,,,,,,,,,,,,,,,,,,,,,,,,,,,,,,,,,,,,,,,,,,,,,,,,,,,,,,,,,,,,,,,,,,,,,,,,,,,,,,,,,,,,,,,,,,,,,,,
,,,,,,,,,,,,,,,,,,,,,,,,,,,,,,,,,,,,,,,,,,,,,,,,,,,,,,,,,,,,,,,,,,,,,,,,,,,,,,,,,,,,,,,,,,,,,,,,,,,,,,,,,,,,,,,,,,,,,,,,,,,,,,,,,,,,,,,,,,,,,,,
,,,,,,,,,,,,,,,,,,,,,,,,,,,,,,,,,,,,,,,,,,,,,,,,,,,,,,,,,,,,,,,,,,,,,,,,,,,,,,,,,,,,,,,,,,,,,,,,,,,,,,,,,,,,,,,,,,,,,,,,,,,,,,,,,,,,,,,,,,,,,,,
,,,,,,,,,,,,,,,,,,,,,,,,,,,,,,,,,,,,,,,,,,,,,,,,,,,,,,,,,,,,,,,,,,,,,,,,,,,,,,,,,,,,,,,,,,,,,,,,,,,,,,,,,,,,,,,,,,,,,,,,,,,,,,,,,,,,,,,,,,,,,,,
,,,,,,,,,,,,,,,,,,,,,,,,,,,,,,,,,,,,,,,,,,,,,,,,,,,,,,,,,,,,,,,,,,,,,,,,,,,,,,,,,,,,,,,,,,,,,,,,,,,,,,,,,,,,,,,,,,,,,,,,,,,,,,,,,,,,,,,,,,,,,,,
,,,,,,,,,,,,,,,,,,,,,,,,,,,,,,,,,,,,,,,,,,,,,,,,,,,,,,,,,,,,,,,,,,,,,,,,,,,,,,,,,,,,,,,,,,,,,,,,,,,,,,,,,,,,,,,,,,,,,,,,,,,,,,,,,,,,,,,,,,,,,,,
,,,,,,,,,,,,,,,,,,,,,,,,,,,,,,,,,,,,,,,,,,,,,,,,,,,,,,,,,,,,,,,,,,,,,,,,,,,,,,,,,,,,,,,,,,,,,,,,,,,,,,,,,,,,,,,,,,,,,,,,,,,,,,,,,,,,,,,,,,,,,,,
,,,,,,,,,,,,,,,,,,,,,,,,,,,,,,,,,,,,,,,,,,,,,,,,,,,,,,,,,,,,,,,,,,,,,,,,,,,,,,,,,,,,,,,,,,,,,,,,,,,,,,,,,,,,,,,,,,,,,,,,,,,,,,,,,,,,,,,,,,,,,,,
,,,,,,,,,,,,,,,,,,,,,,,,,,,,,,,,,,,,,,,,,,,,,,,,,,,,,,,,,,,,,,,,,,,,,,,,,,,,,,,,,,,,,,,,,,,,,,,,,,,,,,,,,,,,,,,,,,,,,,,,,,,,,,,,,,,,,,,,,,,,,,,
,,,,,,,,,,,,,,,,,,,,,,,,,,,,,,,,,,,,,,,,,,,,,,,,,,,,,,,,,,,,,,,,,,,,,,,,,,,,,,,,,,,,,,,,,,,,,,,,,,,,,,,,,,,,,,,,,,,,,,,,,,,,,,,,,,,,,,,,,,,,,,,
,,,,,,,,,,,,,,,,,,,,,,,,,,,,,,,,,,,,,,,,,,,,,,,,,,,,,,,,,,,,,,,,,,,,,,,,,,,,,,,,,,,,,,,,,,,,,,,,,,,,,,,,,,,,,,,,,,,,,,,,,,,,,,,,,,,,,,,,,,,,,,,
,,,,,,,,,,,,,,,,,,,,,,,,,,,,,,,,,,,,,,,,,,,,,,,,,,,,,,,,,,,,,,,,,,,,,,,,,,,,,,,,,,,,,,,,,,,,,,,,,,,,,,,,,,,,,,,,,,,,,,,,,,,,,,,,,,,,,,,,,,,,,,,
,,,,,,,,,,,,,,,,,,,,,,,,,,,,,,,,,,,,,,,,,,,,,,,,,,,,,,,,,,,,,,,,,,,,,,,,,,,,,,,,,,,,,,,,,,,,,,,,,,,,,,,,,,,,,,,,,,,,,,,,,,,,,,,,,,,,,,,,,,,,,,,
,,,,,,,,,,,,,,,,,,,,,,,,,,,,,,,,,,,,,,,,,,,,,,,,,,,,,,,,,,,,,,,,,,,,,,,,,,,,,,,,,,,,,,,,,,,,,,,,,,,,,,,,,,,,,,,,,,,,,,,,,,,,,,,,,,,,,,,,,,,,,,,
,,,,,,,,,,,,,,,,,,,,,,,,,,,,,,,,,,,,,,,,,,,,,,,,,,,,,,,,,,,,,,,,,,,,,,,,,,,,,,,,,,,,,,,,,,,,,,,,,,,,,,,,,,,,,,,,,,,,,,,,,,,,,,,,,,,,,,,,,,,,,,,
,,,,,,,,,,,,,,,,,,,,,,,,,,,,,,,,,,,,,,,,,,,,,,,,,,,,,,,,,,,,,,,,,,,,,,,,,,,,,,,,,,,,,,,,,,,,,,,,,,,,,,,,,,,,,,,,,,,,,,,,,,,,,,,,,,,,,,,,,,,,,,,
,,,,,,,,,,,,,,,,,,,,,,,,,,,,,,,,,,,,,,,,,,,,,,,,,,,,,,,,,,,,,,,,,,,,,,,,,,,,,,,,,,,,,,,,,,,,,,,,,,,,,,,,,,,,,,,,,,,,,,,,,,,,,,,,,,,,,,,,,,,,,,,
,,,,,,,,,,,,,,,,,,,,,,,,,,,,,,,,,,,,,,,,,,,,,,,,,,,,,,,,,,,,,,,,,,,,,,,,,,,,,,,,,,,,,,,,,,,,,,,,,,,,,,,,,,,,,,,,,,,,,,,,,,,,,,,,,,,,,,,,,,,,,,,
,,,,,,,,,,,,,,,,,,,,,,,,,,,,,,,,,,,,,,,,,,,,,,,,,,,,,,,,,,,,,,,,,,,,,,,,,,,,,,,,,,,,,,,,,,,,,,,,,,,,,,,,,,,,,,,,,,,,,,,,,,,,,,,,,,,,,,,,,,,,,,,
,,,,,,,,,,,,,,,,,,,,,,,,,,,,,,,,,,,,,,,,,,,,,,,,,,,,,,,,,,,,,,,,,,,,,,,,,,,,,,,,,,,,,,,,,,,,,,,,,,,,,,,,,,,,,,,,,,,,,,,,,,,,,,,,,,,,,,,,,,,,,,,
,,,,,,,,,,,,,,,,,,,,,,,,,,,,,,,,,,,,,,,,,,,,,,,,,,,,,,,,,,,,,,,,,,,,,,,,,,,,,,,,,,,,,,,,,,,,,,,,,,,,,,,,,,,,,,,,,,,,,,,,,,,,,,,,,,,,,,,,,,,,,,,
,,,,,,,,,,,,,,,,,,,,,,,,,,,,,,,,,,,,,,,,,,,,,,,,,,,,,,,,,,,,,,,,,,,,,,,,,,,,,,,,,,,,,,,,,,,,,,,,,,,,,,,,,,,,,,,,,,,,,,,,,,,,,,,,,,,,,,,,,,,,,,,
,,,,,,,,,,,,,,,,,,,,,,,,,,,,,,,,,,,,,,,,,,,,,,,,,,,,,,,,,,,,,,,,,,,,,,,,,,,,,,,,,,,,,,,,,,,,,,,,,,,,,,,,,,,,,,,,,,,,,,,,,,,,,,,,,,,,,,,,,,,,,,,
,,,,,,,,,,,,,,,,,,,,,,,,,,,,,,,,,,,,,,,,,,,,,,,,,,,,,,,,,,,,,,,,,,,,,,,,,,,,,,,,,,,,,,,,,,,,,,,,,,,,,,,,,,,,,,,,,,,,,,,,,,,,,,,,,,,,,,,,,,,,,,,
,,,,,,,,,,,,,,,,,,,,,,,,,,,,,,,,,,,,,,,,,,,,,,,,,,,,,,,,,,,,,,,,,,,,,,,,,,,,,,,,,,,,,,,,,,,,,,,,,,,,,,,,,,,,,,,,,,,,,,,,,,,,,,,,,,,,,,,,,,,,,,,
,,,,,,,,,,,,,,,,,,,,,,,,,,,,,,,,,,,,,,,,,,,,,,,,,,,,,,,,,,,,,,,,,,,,,,,,,,,,,,,,,,,,,,,,,,,,,,,,,,,,,,,,,,,,,,,,,,,,,,,,,,,,,,,,,,,,,,,,,,,,,,,
,,,,,,,,,,,,,,,,,,,,,,,,,,,,,,,,,,,,,,,,,,,,,,,,,,,,,,,,,,,,,,,,,,,,,,,,,,,,,,,,,,,,,,,,,,,,,,,,,,,,,,,,,,,,,,,,,,,,,,,,,,,,,,,,,,,,,,,,,,,,,,,
,,,,,,,,,,,,,,,,,,,,,,,,,,,,,,,,,,,,,,,,,,,,,,,,,,,,,,,,,,,,,,,,,,,,,,,,,,,,,,,,,,,,,,,,,,,,,,,,,,,,,,,,,,,,,,,,,,,,,,,,,,,,,,,,,,,,,,,,,,,,,,,
,,,,,,,,,,,,,,,,,,,,,,,,,,,,,,,,,,,,,,,,,,,,,,,,,,,,,,,,,,,,,,,,,,,,,,,,,,,,,,,,,,,,,,,,,,,,,,,,,,,,,,,,,,,,,,,,,,,,,,,,,,,,,,,,,,,,,,,,,,,,,,,
,,,,,,,,,,,,,,,,,,,,,,,,,,,,,,,,,,,,,,,,,,,,,,,,,,,,,,,,,,,,,,,,,,,,,,,,,,,,,,,,,,,,,,,,,,,,,,,,,,,,,,,,,,,,,,,,,,,,,,,,,,,,,,,,,,,,,,,,,,,,,,,
,,,,,,,,,,,,,,,,,,,,,,,,,,,,,,,,,,,,,,,,,,,,,,,,,,,,,,,,,,,,,,,,,,,,,,,,,,,,,,,,,,,,,,,,,,,,,,,,,,,,,,,,,,,,,,,,,,,,,,,,,,,,,,,,,,,,,,,,,,,,,,,
,,,,,,,,,,,,,,,,,,,,,,,,,,,,,,,,,,,,,,,,,,,,,,,,,,,,,,,,,,,,,,,,,,,,,,,,,,,,,,,,,,,,,,,,,,,,,,,,,,,,,,,,,,,,,,,,,,,,,,,,,,,,,,,,,,,,,,,,,,,,,,,
,,,,,,,,,,,,,,,,,,,,,,,,,,,,,,,,,,,,,,,,,,,,,,,,,,,,,,,,,,,,,,,,,,,,,,,,,,,,,,,,,,,,,,,,,,,,,,,,,,,,,,,,,,,,,,,,,,,,,,,,,,,,,,,,,,,,,,,,,,,,,,,
,,,,,,,,,,,,,,,,,,,,,,,,,,,,,,,,,,,,,,,,,,,,,,,,,,,,,,,,,,,,,,,,,,,,,,,,,,,,,,,,,,,,,,,,,,,,,,,,,,,,,,,,,,,,,,,,,,,,,,,,,,,,,,,,,,,,,,,,,,,,,,,